<?xml version='1.0' encoding='UTF-8' ?>
<timeLogEntries>
  <time id="8" path="/BookStore/PSP0/Planning" start="@1614961189000" delta="67" interrupt="1" />
  <time id="9" path="/BookStore/PSP0/Planning" start="@1614966536000" delta="11" />
  <time id="10" path="/BookStore/PSP0/Planning" start="@1614977633000" delta="86" />
  <time id="11" path="/BookStore/PSP0/Planning" start="@1615520318000" delta="82" />
  <time id="12" path="/BookStore/PSP0/Planning" start="@1615569636665" delta="3" />
  <time id="13" path="/BookStore/PSP0/Design" start="@1615569817151" delta="63" />
  <time id="14" path="/BookStore/PSP0/Design" start="@1615577608241" delta="60" />
  <time id="15" path="/BookStore/PSP0/Design" start="@1615582407497" delta="38" />
  <time id="16" path="/QuickBasket/PSP0/Planning" start="@1617838765918" delta="51" comment="Engineering method initiate" />
  <time id="17" path="/QuickBasket/PSP0/Planning" start="@1618677309344" delta="121" comment="Engineering method step 3, 4 and 5" />
  <time id="18" path="/QuickBasket/PSP0/Planning" start="@1618692341281" delta="86" comment="Engineering method step 3, 4 and 5 done" />
  <time id="19" path="/QuickBasket/PSP0/Code" start="@1619133165380" delta="69" comment="Branch created and initialize generics structures" />
  <time id="20" path="/QuickBasket/PSP0/Code" start="@1619191716000" delta="122" comment="Working on insertion and searching nodes on BST (done)" />
  <time id="20" path="/QuickBasket/PSP0/Code" start="@1619191716000" delta="61" comment="Working on insertion and searching nodes on BST (done)" />
  <time id="21" path="/QuickBasket/PSP0/Code" start="@1619214531632" delta="437" interrupt="50" comment="BST and tests done, all trees are well" />
  <time id="22" path="/QuickBasket/PSP0/Code" start="@1619277319526" delta="220" comment="Searching greater and lowest than done" />
  <time id="23" path="/QuickBasket/PSP0/Code" start="@1619298340688" delta="110" comment="Add and delete player done, binary search done too" />
  <time id="24" path="/QuickBasket/PSP0/Test" start="@1619308984335" delta="102" comment="Making tests design on word" />
  <time id="25" path="/QuickBasket/PSP0/Test" start="@1619318887994" delta="145" comment="Making tests design and updating tests" />
  <time id="26" path="/QuickBasket/PSP0/Design" start="@1619377552891" delta="264" comment="Correct bus and program is done" />
</timeLogEntries>
